{"info":{"_postman_id":"0430a2c8-0ce1-4834-8f63-0a8b790b1f92","name":"Foret2","schema":"https://schema.getpostman.com/json/collection/v2.1.0/collection.json"},"item":[{"name":"member","item":[{"name":"member","id":"dfb5fe34-4e4f-4eba-be69-6eae504cfc3a","protocolProfileBehavior":{"disableBodyPruning":true},"request":{"method":"POST","header":[],"body":{"mode":"formdata","formdata":[{"key":"name","type":"text","value":"name"},{"key":"email","type":"text","value":"12"},{"key":"password","type":"text","value":"qwe123"},{"key":"nickname","type":"text","value":"qwe"},{"key":"birth","type":"text","value":"1993-10-24"},{"key":"deviceToken","type":"text","value":"qwe"},{"key":"tags[0].tagName","value":"spring","type":"text"},{"key":"tags[1].tagName","type":"text","value":"AWS"},{"key":"regions[0].regionSi","type":"text","value":"서울"},{"key":"regions[0].regionGu","type":"text","value":"강남구"},{"key":"files","type":"file","src":"/C:/Users/moseoh/OneDrive/Desktop/둘리.jpg"},{"key":"files","type":"file","src":"/C:/Users/moseoh/OneDrive/Desktop/KakaoTalk_20200524_152948062.jpg"}]},"url":{"raw":"http://localhost:8080/member/create","protocol":"http","host":["localhost"],"port":"8080","path":["member","create"]}},"response":[]},{"name":"member","id":"07b556cc-8225-42a3-bfff-a36c1ce92f1a","protocolProfileBehavior":{"disableBodyPruning":true},"request":{"method":"PUT","header":[],"body":{"mode":"formdata","formdata":[{"key":"name","type":"text","value":"name"},{"key":"email","type":"text","value":"124"},{"key":"password","type":"text","value":"qwe123"},{"key":"nickname","type":"text","value":"qwe"},{"key":"birth","type":"text","value":"1993-10-24"},{"key":"deviceToken","type":"text","value":"qwe"},{"key":"tags[0].tagName","value":"oracle","type":"text"},{"key":"tags[1].tagName","type":"text","value":"AWS","disabled":true},{"key":"regions[0].regionSi","type":"text","value":"서울"},{"key":"regions[0].regionGu","type":"text","value":"강남구"},{"key":"files","type":"file","src":"/C:/Users/moseoh/OneDrive/Desktop/둘리.jpg"},{"key":"files","type":"file","src":"/C:/Users/moseoh/OneDrive/Desktop/KakaoTalk_20200524_152948062.jpg"}]},"url":{"raw":"http://localhost:8080/member/update/5","protocol":"http","host":["localhost"],"port":"8080","path":["member","update","5"]}},"response":[]},{"name":"member","id":"0be03d83-2455-4c05-841d-b2c06b93b04e","protocolProfileBehavior":{"disableBodyPruning":true},"request":{"method":"DELETE","header":[],"body":{"mode":"formdata","formdata":[]},"url":{"raw":"http://localhost:8080/member/delete/88","protocol":"http","host":["localhost"],"port":"8080","path":["member","delete","88"]}},"response":[]},{"name":"member","id":"518d0f23-997e-494f-ba04-12dd07e49d53","protocolProfileBehavior":{"disableBodyPruning":true},"request":{"method":"GET","header":[],"body":{"mode":"raw","raw":""},"url":{"raw":"http://localhost:8080/member/details/88","protocol":"http","host":["localhost"],"port":"8080","path":["member","details","88"]}},"response":[]},{"name":"memberALL","id":"05256fc6-2320-435d-9f01-5c37a0c4adbe","protocolProfileBehavior":{"disableBodyPruning":true},"request":{"method":"GET","header":[],"body":{"mode":"formdata","formdata":[]},"url":{"raw":"http://localhost:8080/member/all","protocol":"http","host":["localhost"],"port":"8080","path":["member","all"]}},"response":[]},{"name":"signIn","id":"cb2b1950-8f44-4909-b156-2838560109eb","protocolProfileBehavior":{"disableBodyPruning":true},"request":{"method":"GET","header":[],"body":{"mode":"raw","raw":"{\r\n    \"email\":\"ee\",\r\n    \"password\":\"dd\"\r\n}","options":{"raw":{"language":"json"}}},"url":{"raw":"http://localhost:8080/member/signIn","protocol":"http","host":["localhost"],"port":"8080","path":["member","signIn"]}},"response":[]},{"name":"emailCheck","id":"6effaffa-8574-4435-9664-168439e8a33a","protocolProfileBehavior":{"disableBodyPruning":true},"request":{"method":"GET","header":[],"url":{"raw":"asd","host":["asd"]}},"response":[]}],"id":"652572e8-2be0-4765-ade3-f79fe9fa0e2d"},{"name":"foret","item":[{"name":"foret","id":"30727001-7b5b-45e1-b8ed-5a6ba77ceb66","protocolProfileBehavior":{"disableBodyPruning":true},"request":{"method":"POST","header":[],"body":{"mode":"raw","raw":" {\r\n    \"name\": \"포레\",\r\n    \"introduce\": \"소개글 입니다.\",\r\n    \"max_member\": 10,\r\n    \"reg_date\": \"2021-01-25T18:53:49.421+00:00\",\r\n    \"tags\": [\r\n        {\r\n            \"tagName\": \"spring\"\r\n        },\r\n        {\r\n            \"tagName\": \"AWS\"\r\n        }\r\n    ],\r\n    \"regions\": [\r\n        {\r\n            \"regionSi\": \"서울\",\r\n            \"regionGu\": \"강남구\"\r\n        }\r\n    ]\r\n }","options":{"raw":{"language":"json"}}},"url":{"raw":"http://localhost:8080/foret/create?member_id=5","protocol":"http","host":["localhost"],"port":"8080","path":["foret","create"],"query":[{"key":"member_id","value":"5"}]}},"response":[]},{"name":"foret","id":"9e88cefb-537e-46f7-b5c4-0556a4414281","protocolProfileBehavior":{"disableBodyPruning":true},"request":{"method":"PUT","header":[],"body":{"mode":"formdata","formdata":[{"key":"name","type":"text","value":"포레3"},{"key":"introduce","type":"text","value":"소개글 입니다."},{"key":"max_member","type":"text","value":"10"},{"key":"tags[0].tagName","type":"text","value":"spring"},{"key":"tags[1].tagName","type":"text","value":"AWS"},{"key":"regions[0].regionSi","type":"text","value":"서울"},{"key":"regions[0].regionGu","type":"text","value":"강남구"},{"key":"files","type":"file","src":"/C:/Users/moseoh/OneDrive/Desktop/둘리.jpg"},{"key":"files","type":"file","src":"/C:/Users/moseoh/OneDrive/Desktop/KakaoTalk_20200524_152948062.jpg"}]},"url":{"raw":"http://localhost:8080/foret/update/10?member_id=92","protocol":"http","host":["localhost"],"port":"8080","path":["foret","update","10"],"query":[{"key":"member_id","value":"92"}]}},"response":[]},{"name":"foret","id":"7d743b5f-8bab-4473-9531-3ab088af6251","protocolProfileBehavior":{"disableBodyPruning":true},"request":{"method":"GET","header":[],"body":{"mode":"raw","raw":""},"url":{"raw":"http://localhost:8080/foret/details/89","protocol":"http","host":["localhost"],"port":"8080","path":["foret","details","89"]}},"response":[]},{"name":"foret","id":"03dc08bc-aeab-47d1-97bf-da4d20edb9db","protocolProfileBehavior":{"disableBodyPruning":true},"request":{"method":"DELETE","header":[],"body":{"mode":"formdata","formdata":[]},"url":{"raw":"http://localhost:8080/foret/delete/8","protocol":"http","host":["localhost"],"port":"8080","path":["foret","delete","8"]}},"response":[]},{"name":"foretALL","id":"f352a965-52c9-4292-aab3-3475ce3a0210","protocolProfileBehavior":{"disableBodyPruning":true},"request":{"method":"GET","header":[],"body":{"mode":"formdata","formdata":[]},"url":{"raw":"http://localhost:8080/foret/all","protocol":"http","host":["localhost"],"port":"8080","path":["foret","all"]}},"response":[]},{"name":"myForet","id":"86f411cf-09d9-45b8-bfec-96d39beda5dc","protocolProfileBehavior":{"disableBodyPruning":true},"request":{"method":"GET","header":[],"body":{"mode":"raw","raw":""},"url":{"raw":"http://192.168.55.172:8080/foret/myForets?member_id=92","protocol":"http","host":["192","168","55","172"],"port":"8080","path":["foret","myForets"],"query":[{"key":"member_id","value":"92"}]}},"response":[]},{"name":"photo","id":"082b1d41-dedc-402d-8895-2060633f7b98","protocolProfileBehavior":{"disableBodyPruning":true},"request":{"method":"POST","header":[],"body":{"mode":"formdata","formdata":[{"key":"","type":"file","src":"/C:/Users/moseoh/OneDrive/Pictures/이미지샘플/sibafuck.jpg"}]},"url":{"raw":"http://localhost:8080/foret/photo","protocol":"http","host":["localhost"],"port":"8080","path":["foret","photo"]}},"response":[]},{"name":"foretPage","id":"06293ee2-c4d5-411d-8556-730809d25abc","protocolProfileBehavior":{"disableBodyPruning":true},"request":{"method":"GET","header":[],"url":{"raw":"http://localhost:8080/foret/page?page=1&size=5","protocol":"http","host":["localhost"],"port":"8080","path":["foret","page"],"query":[{"key":"page","value":"1","type":"text"},{"key":"size","value":"5","type":"text"}]}},"response":[]},{"name":"signUpForet","id":"9c9ade12-0bb8-40b7-91b7-544500bd67b8","protocolProfileBehavior":{"disableBodyPruning":true},"request":{"method":"POST","header":[],"url":{"raw":"http://localhost:8080/foret/signUp?foret_id=24&member_id=8","protocol":"http","host":["localhost"],"port":"8080","path":["foret","signUp"],"query":[{"key":"foret_id","value":"24","type":"text"},{"key":"member_id","value":"8","type":"text"}]}},"response":[]},{"name":"search","id":"02d6a181-8ad7-4fce-801d-04434225d02b","protocolProfileBehavior":{"disableBodyPruning":true},"request":{"method":"GET","header":[],"url":{"raw":"http://localhost:8080/foret/search","protocol":"http","host":["localhost"],"port":"8080","path":["foret","search"]}},"response":[]}],"id":"6a0a03be-8655-43ee-a0ef-8d392e4b3f6f"},{"name":"board","item":[{"name":"board","id":"4129e652-6c1e-49d1-9ae6-21f3da7f4c06","protocolProfileBehavior":{"disableBodyPruning":true},"request":{"method":"POST","header":[],"body":{"mode":"raw","raw":"{\r\n    \"type\":3,\r\n    \"subject\":\"일반\",\r\n    \"content\":\"내용\"\r\n}","options":{"raw":{"language":"json"}}},"url":{"raw":"http://localhost:8080/board/create","protocol":"http","host":["localhost"],"port":"8080","path":["board","create"],"query":[{"key":"foret_id","value":"25","disabled":true},{"key":"member_id","value":"5","disabled":true}]}},"response":[]},{"name":"board","id":"70c3fb97-e36c-4aa9-92eb-9551d2ce64e5","protocolProfileBehavior":{"disableBodyPruning":true},"request":{"method":"PUT","header":[],"body":{"mode":"formdata","formdata":[{"key":"type","type":"text","value":"1"},{"key":"subject","type":"text","value":"게시"},{"key":"content","type":"text","value":"ㅇ"},{"key":"files","type":"file","src":"/C:/Users/moseoh/OneDrive/Desktop/둘리.jpg"},{"key":"files","type":"file","src":"/C:/Users/moseoh/OneDrive/Desktop/KakaoTalk_20200524_152948062.jpg"},{"key":"foretId","type":"text","value":"6","disabled":true}]},"url":{"raw":"http://localhost:8080/board/update/15?member_id=89","protocol":"http","host":["localhost"],"port":"8080","path":["board","update","15"],"query":[{"key":"member_id","value":"89"}]}},"response":[]},{"name":"board","id":"d5765da6-0628-4cb3-b23d-6bd0718337eb","protocolProfileBehavior":{"disableBodyPruning":true},"request":{"method":"DELETE","header":[],"body":{"mode":"formdata","formdata":[]},"url":{"raw":"http://localhost:8080/board/delete/12","protocol":"http","host":["localhost"],"port":"8080","path":["board","delete","12"]}},"response":[]},{"name":"board","id":"699029d3-e295-4a09-8555-8fc9eb853f6e","protocolProfileBehavior":{"disableBodyPruning":true},"request":{"method":"GET","header":[],"body":{"mode":"formdata","formdata":[{"key":"foretId","type":"text","value":"6","disabled":true}]},"url":{"raw":"http://localhost:8080/board/details/12","protocol":"http","host":["localhost"],"port":"8080","path":["board","details","12"]}},"response":[]},{"name":"boardList","id":"56ef8021-5544-47b2-a42e-ff9c0e3e84b6","protocolProfileBehavior":{"disableBodyPruning":true},"request":{"method":"GET","header":[],"url":{"raw":"http://localhost:8080/board/getForetBoardList?foret_id=25&type=3","protocol":"http","host":["localhost"],"port":"8080","path":["board","getForetBoardList"],"query":[{"key":"foret_id","value":"25"},{"key":"type","value":"3"}]}},"response":[]},{"name":"homeBoardList","id":"d37a5a87-e6d8-411f-8fd3-2bf15bc6280b","protocolProfileBehavior":{"disableBodyPruning":true},"request":{"method":"GET","header":[],"body":{"mode":"formdata","formdata":[]},"url":{"raw":"http://localhost:8080/board/getHomeBoard?foret_id=8","protocol":"http","host":["localhost"],"port":"8080","path":["board","getHomeBoard"],"query":[{"key":"foret_id","value":"8"},{"key":"type","value":"3","type":"text","disabled":true}]}},"response":[]},{"name":"anonymousboards","id":"f1aed87f-3842-4da2-aa1b-5fb9eca379eb","protocolProfileBehavior":{"disableBodyPruning":true},"request":{"method":"GET","header":[],"body":{"mode":"formdata","formdata":[]},"url":{"raw":"http://localhost:8080/board/getAnonymousBoardList/1","protocol":"http","host":["localhost"],"port":"8080","path":["board","getAnonymousBoardList","1"]}},"response":[]},{"name":"like","id":"11ed5479-9318-478b-8121-8cd39ccdbd1f","protocolProfileBehavior":{"disableBodyPruning":true},"request":{"method":"POST","header":[],"url":{"raw":"http://localhost:8080/board/like?member_id=5&board_id=105","protocol":"http","host":["localhost"],"port":"8080","path":["board","like"],"query":[{"key":"member_id","value":"5","type":"text"},{"key":"board_id","value":"105","type":"text"}]}},"response":[]}],"id":"c87539a5-e075-462c-9831-8e2854ec1288"},{"name":"comment","item":[{"name":"commet","id":"c2106afd-5763-4d84-8be9-c219c9c73701","protocolProfileBehavior":{"disableBodyPruning":true},"request":{"method":"POST","header":[],"body":{"mode":"formdata","formdata":[{"key":"content","type":"text","value":"첫번째 댓"}]},"url":{"raw":"http://localhost:8080/comment/create?member_id=5&board_id=23","protocol":"http","host":["localhost"],"port":"8080","path":["comment","create"],"query":[{"key":"member_id","value":"5"},{"key":"board_id","value":"23"}]}},"response":[]},{"name":"commet","id":"360cec06-f4d2-4d09-97fe-fd0493923565","protocolProfileBehavior":{"disableBodyPruning":true},"request":{"method":"PUT","header":[],"body":{"mode":"formdata","formdata":[{"key":"content","type":"text","value":"첫댓의 수정"}]},"url":{"raw":"http://localhost:8080/comment/update/1?member_id=5","protocol":"http","host":["localhost"],"port":"8080","path":["comment","update","1"],"query":[{"key":"member_id","value":"5","type":"text"}]}},"response":[]},{"name":"commet","id":"8d2f926e-ecd1-4ba9-a874-e0cde8b3e8da","protocolProfileBehavior":{"disableBodyPruning":true},"request":{"method":"GET","header":[],"body":{"mode":"formdata","formdata":[]},"url":{"raw":"http://localhost:8080/comment/details/1","protocol":"http","host":["localhost"],"port":"8080","path":["comment","details","1"]}},"response":[]},{"name":"commets","id":"2dcd333b-7d71-4a77-92dc-eb0a68c6470b","protocolProfileBehavior":{"disableBodyPruning":true},"request":{"method":"GET","header":[],"body":{"mode":"formdata","formdata":[]},"url":{"raw":"http://localhost:8080/comment/getComments?board_id=5","protocol":"http","host":["localhost"],"port":"8080","path":["comment","getComments"],"query":[{"key":"board_id","value":"5","type":"text"}]}},"response":[]},{"name":"commet","id":"fa9ce036-6b86-40e3-a2d5-fdb6775c950a","protocolProfileBehavior":{"disableBodyPruning":true},"request":{"method":"DELETE","header":[],"body":{"mode":"formdata","formdata":[]},"url":{"raw":"http://localhost:8080/comment/delete/4","protocol":"http","host":["localhost"],"port":"8080","path":["comment","delete","4"]}},"response":[]}],"id":"3f8f2c58-de40-429b-b698-6c71696a7320"}]}