{"info":{"_postman_id":"18ce84ec-8042-4ed4-b81d-5a524ddf0f84","name":"GitAPI","schema":"https://schema.getpostman.com/json/collection/v2.1.0/collection.json"},"item":[{"name":"release","id":"310840d7-7644-4111-9b0d-fa850019ed6c","protocolProfileBehavior":{"disableBodyPruning":true},"request":{"auth":{"type":"oauth2","oauth2":[{"key":"tokenType","value":"","type":"string"},{"key":"accessToken","value":"","type":"string"},{"key":"headerPrefix","value":"token","type":"string"},{"key":"addTokenTo","value":"header","type":"string"}]},"method":"GET","header":[{"key":"Accept","value":"application/vnd.github.v3+json","type":"text"}],"url":{"raw":"https://api.github.com/repos/azqazq195/assistant/releases/latest","protocol":"https","host":["api","github","com"],"path":["repos","azqazq195","assistant","releases","latest"]}},"response":[]},{"name":"getLatestReleaseDownLoadUrl","id":"1f32a558-09d8-40c0-b6cd-2cf68cecad3f","protocolProfileBehavior":{"disableBodyPruning":true},"request":{"method":"GET","header":[],"url":{"raw":"https://github.com/azqazq195/sql_to_mapper/releases/download/v0.4/default.txt","protocol":"https","host":["github","com"],"path":["azqazq195","sql_to_mapper","releases","download","v0.4","default.txt"]}},"response":[]},{"name":"Create Release","id":"d67b0521-38ce-40f3-a962-e06834e9a339","protocolProfileBehavior":{"disableBodyPruning":true},"request":{"method":"POST","header":[{"key":"Content-Type","value":"application/json","type":"text"},{"key":"Authorization","value":"token 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","type":"text"}],"body":{"mode":"raw","raw":"{\r\n    \"tag_name\": \"v1.0.5.8\",\r\n    \"name\": \"v1.0.5.8\",\r\n    \"body\": \"### 테스트\\n- md 테스트\",\r\n    \"draft\": false,\r\n    \"prerelease\": false\r\n}"},"url":{"raw":"https://api.github.com/repos/azqazq195/assistant/releases","protocol":"https","host":["api","github","com"],"path":["repos","azqazq195","assistant","releases"]}},"response":[]},{"name":"New Request","id":"67b8755d-b048-4022-8f67-817ffa6868d8","protocolProfileBehavior":{"disableBodyPruning":true},"request":{"method":"POST","header":[{"key":"Accept","value":"application/vnd.github.v3+json","type":"text"}],"body":{"mode":"raw","raw":"{\r\n    \"text\":\"text\"\r\n}","options":{"raw":{"language":"json"}}},"url":{"raw":"https://api.github.com/markdown","protocol":"https","host":["api","github","com"],"path":["markdown"]}},"response":[]}]}