{"info":{"_postman_id":"1ffa3ea6-2440-44d1-ad49-55e68de8851f","name":"KAKAO T BIKE","schema":"https://schema.getpostman.com/json/collection/v2.1.0/collection.json"},"item":[{"name":"start","id":"b3f62f96-6a97-44d1-a14c-1065a7d194ae","protocolProfileBehavior":{"disableBodyPruning":true},"request":{"method":"GET","header":[],"url":{"raw":"http://localhost:8080/start?problem=1","protocol":"http","host":["localhost"],"port":"8080","path":["start"],"query":[{"key":"problem","value":"1"}]}},"response":[]},{"name":"locations","id":"ae91d781-4d43-470a-9eff-4299e049f69c","protocolProfileBehavior":{"disableBodyPruning":true},"request":{"method":"GET","header":[],"url":{"raw":"http://localhost:8080/locations?problem=1","protocol":"http","host":["localhost"],"port":"8080","path":["locations"],"query":[{"key":"problem","value":"1"}]}},"response":[]},{"name":"trucks","id":"cf83d87b-6d77-454e-8b80-a2dbac9d4c2f","protocolProfileBehavior":{"disableBodyPruning":true},"request":{"method":"GET","header":[],"url":{"raw":"http://localhost:8080/trucks?problem=1","protocol":"http","host":["localhost"],"port":"8080","path":["trucks"],"query":[{"key":"problem","value":"1"}]}},"response":[]},{"name":"New Request","id":"0f5f40e8-e314-4dba-bfae-08f46a20615a","protocolProfileBehavior":{"disableBodyPruning":true},"request":{"auth":{"type":"noauth"},"method":"GET","header":[{"key":"Content-Type","value":"application/json","type":"text"},{"key":"Authorization","value":"9e128428-2c12-47a0-a150-bce432436b5d","type":"text"}],"url":{"raw":"https://kox947ka1a.execute-api.ap-northeast-2.amazonaws.com/prod/users/locations","protocol":"https","host":["kox947ka1a","execute-api","ap-northeast-2","amazonaws","com"],"path":["prod","users","locations"]}},"response":[]}]}