{"info":{"_postman_id":"21d35ed8-0475-4388-84d6-10de1080933c","name":"csttec","schema":"https://schema.getpostman.com/json/collection/v2.1.0/collection.json"},"item":[{"name":"New Request","id":"f7dab711-27d0-4128-beb9-1ea9af8591f0","protocolProfileBehavior":{"disableBodyPruning":true},"request":{"method":"GET","header":[{"key":"_session","value":"{\"session_id\" : \"csweb8632-6405f469-e9d0-4aac-8db9-a21e2d038494\"}","type":"text"}],"url":{"raw":"https://csweb.kncsoft.co.kr/service.jsp?srv=Sysop.listOptions","protocol":"https","host":["csweb","kncsoft","co","kr"],"path":["service.jsp"],"query":[{"key":"srv","value":"Sysop.listOptions"}]}},"response":[]}]}