{"info":{"_postman_id":"2f89383b-1370-4327-a413-a4b1f17ebcbd","name":"ConerStone","schema":"https://schema.getpostman.com/json/collection/v2.1.0/collection.json"},"item":[{"name":"New Request","id":"550b8b02-f46c-4150-9edb-95e1c9548dc3","protocolProfileBehavior":{"disableBodyPruning":true},"request":{"method":"GET","header":[],"url":{"raw":"https://csweb.kncsoft.co.kr/main/redirect.jsp?object_id=1234&object_type=Work","protocol":"https","host":["csweb","kncsoft","co","kr"],"path":["main","redirect.jsp"],"query":[{"key":"object_id","value":"1234"},{"key":"object_type","value":"Work"}]}},"response":[]},{"name":"Login","id":"639c9c04-61e2-450a-94a3-a9caeb7e4153","protocolProfileBehavior":{"disableBodyPruning":true},"request":{"method":"GET","header":[],"url":{"raw":"https://csweb.kncsoft.co.kr/service.jsp?srv=Main.login&email=seongha.moon@csttec.com&passwd=seongha.moon@csttec.com","protocol":"https","host":["csweb","kncsoft","co","kr"],"path":["service.jsp"],"query":[{"key":"srv","value":"Main.login"},{"key":"email","value":"seongha.moon@csttec.com"},{"key":"passwd","value":"seongha.moon@csttec.com"}]}},"response":[]}]}