{"info":{"_postman_id":"3dd4cdf5-6a4d-46d7-ac12-f15229638ecb","name":"Routine","schema":"https://schema.getpostman.com/json/collection/v2.1.0/collection.json"},"item":[{"name":"List Routine","id":"9dd867c4-d9a7-4421-a104-d646ef9261ef","protocolProfileBehavior":{"disableBodyPruning":true},"request":{"method":"GET","header":[],"url":{"raw":"http://127.0.0.1:8000/api/routine?date=2022-07-12","protocol":"http","host":["127","0","0","1"],"port":"8000","path":["api","routine"],"query":[{"key":"date","value":"2022-07-12"}]}},"response":[]},{"name":"Create Routine","id":"05929def-3f54-4076-a4b8-f3a1c6f2a839","protocolProfileBehavior":{"disableBodyPruning":true},"request":{"method":"POST","header":[],"body":{"mode":"raw","raw":"{\r\n    \"title\":\"이직\",\r\n    \"category\":\"HOMEWORK\",\r\n    \"goal\":\"파이썬 학습 및 장고 RestAPI 만들기\",\r\n    \"is_alarm\":true,\r\n    \"days\": [\"MON\", \"WED\", \"FRI\"]\r\n}","options":{"raw":{"language":"json"}}},"url":{"raw":"http://127.0.0.1:8000/api/routine/","protocol":"http","host":["127","0","0","1"],"port":"8000","path":["api","routine",""]}},"response":[]},{"name":"Get Routine","id":"5775222f-2d44-4be6-8049-c42cb4323269","protocolProfileBehavior":{"disableBodyPruning":true},"request":{"method":"GET","header":[],"url":{"raw":"http://127.0.0.1:8000/api/routine/5/","protocol":"http","host":["127","0","0","1"],"port":"8000","path":["api","routine","5",""]}},"response":[]},{"name":"Update Routine","id":"b8936f8b-9740-485a-bc91-5d09c93d96d9","protocolProfileBehavior":{"disableBodyPruning":true},"request":{"method":"PUT","header":[],"body":{"mode":"raw","raw":"{\r\n    \"title\":\"이직 안해\",\r\n    \"category\":\"MIRACLE\",\r\n    \"goal\":\"파이썬 학습 및 장고 RestAPI 만들기2\",\r\n    \"is_alarm\":false,\r\n    \"days\":[\"SUN\", \"MON\"]\r\n}","options":{"raw":{"language":"json"}}},"url":{"raw":"http://127.0.0.1:8000/api/routine/6/","protocol":"http","host":["127","0","0","1"],"port":"8000","path":["api","routine","6",""]}},"response":[]},{"name":"Delete Routine","id":"7c5edef8-7d98-4b97-b9e2-27a47a6034da","protocolProfileBehavior":{"disableBodyPruning":true},"request":{"method":"DELETE","header":[],"url":{"raw":"http://127.0.0.1:8000/api/routine/5/","protocol":"http","host":["127","0","0","1"],"port":"8000","path":["api","routine","5",""]}},"response":[]}],"auth":{"type":"bearer","bearer":[{"key":"token","value":"{{access_token}}","type":"string"}]},"event":[{"listen":"prerequest","script":{"id":"e45b71d3-d00b-4dfd-a5d0-5c7864e21eb9","type":"text/javascript","exec":[""]}},{"listen":"test","script":{"id":"6fb67df7-8eb6-4ba4-9bfe-6cc93ad796f0","type":"text/javascript","exec":[""]}}]}