{"info":{"_postman_id":"4e572720-8eb2-46d4-8258-1906c5c45cc7","name":"Users","schema":"https://schema.getpostman.com/json/collection/v2.1.0/collection.json"},"item":[{"name":"user","id":"3509cca4-f82b-4e62-a48e-7ede00cc25a5","protocolProfileBehavior":{"disableBodyPruning":true},"request":{"method":"GET","header":[],"url":{"raw":"http://127.0.0.1:8000/rest-auth/user/","protocol":"http","host":["127","0","0","1"],"port":"8000","path":["rest-auth","user",""]}},"response":[]}],"auth":{"type":"bearer","bearer":[{"key":"token","value":"{{access_token}}","type":"string"}]},"event":[{"listen":"prerequest","script":{"id":"f668bb8f-84c5-402c-ad7b-9203a29ef046","type":"text/javascript","exec":[""]}},{"listen":"test","script":{"id":"fefa11fb-cf49-4cb4-8569-1247597c8302","type":"text/javascript","exec":[""]}}]}