{"info":{"_postman_id":"5508f89c-424d-4790-9039-606af3e887d7","name":"demo","schema":"https://schema.getpostman.com/json/collection/v2.1.0/collection.json"},"item":[{"name":"login","id":"a78de361-95c1-4b06-a5c6-24ff95f9d1c5","protocolProfileBehavior":{"disableBodyPruning":true},"request":{"auth":{"type":"bearer"},"method":"POST","header":[],"body":{"mode":"raw","raw":"{\r\n    \"principal\":\"tester@gmail.com\",\r\n    \"credentials\":\"1234\"\r\n}","options":{"raw":{"language":"json"}}},"url":{"raw":"https://pr-0c9535ac7d2e8c943.programmers.co.kr:49153/web/api/users/login","protocol":"https","host":["pr-0c9535ac7d2e8c943","programmers","co","kr"],"port":"49153","path":["web","api","users","login"],"query":[{"key":"email","value":"tester","type":"text","disabled":true},{"key":"password","value":"1234","type":"text","disabled":true}]}},"response":[]},{"name":"login","id":"787cde01-d816-403d-a5fe-e1ac1a0f7e0d","protocolProfileBehavior":{"disableBodyPruning":true},"request":{"auth":{"type":"noauth"},"method":"GET","header":[{"key":"X-PRGRMS-AUTH","value":"Bearer eyJ0eXAiOiJKV1QiLCJhbGciOiJIUzUxMiJ9.eyJyb2xlcyI6WyJST0xFX1VTRVIiXSwiaXNzIjoicHJvZ3JhbW1lcnMiLCJuYW1lIjoidGVzdGVyIiwiaWF0IjoxNjE1MDE3NTIwLCJ1c2VyS2V5IjoxfQ.NWSsI1goCXzNXlYfV3ICDCZMqtt_oXMxrdDOdryFyXc5JRI_ezAC2u5hnVopTtaMMLUJnC5ENygVO7SDkcnrIg","type":"text"}],"body":{"mode":"raw","raw":"","options":{"raw":{"language":"json"}}},"url":{"raw":"https://pr-0eb70e4bbf5743cf5.programmers.co.kr:49158/web/api/users/me","protocol":"https","host":["pr-0eb70e4bbf5743cf5","programmers","co","kr"],"port":"49158","path":["web","api","users","me"],"query":[{"key":"email","value":"tester","type":"text","disabled":true},{"key":"password","value":"1234","type":"text","disabled":true}]}},"response":[]},{"name":"member","id":"f29c9146-f70e-4c92-94bb-be6c2591d61b","protocolProfileBehavior":{"disableBodyPruning":true},"request":{"method":"POST","header":[],"body":{"mode":"raw","raw":"{\r\n    \"name\":\"김지수\",\r\n    \"profiles\":[\r\n        {\r\n            \"introduce\":\"안녕 안녕 나는 지수야\"\r\n        },\r\n        {\r\n            \"introduce\":\"안녕 안녕 나는 지수야2\"\r\n        }\r\n\r\n    ]\r\n}","options":{"raw":{"language":"json"}}},"url":{"raw":"http://localhost:8085/demo","protocol":"http","host":["localhost"],"port":"8085","path":["demo"]}},"response":[]},{"name":"member","id":"c011a7da-6957-42d1-bd79-11813d936cab","protocolProfileBehavior":{"disableBodyPruning":true},"request":{"method":"DELETE","header":[],"body":{"mode":"formdata","formdata":[]},"url":{"raw":"http://localhost:8085/demo?id=25","protocol":"http","host":["localhost"],"port":"8085","path":["demo"],"query":[{"key":"id","value":"25"}]}},"response":[]},{"name":"order","id":"cdfab67c-2f7d-4bdf-86de-c918d633787e","protocolProfileBehavior":{"disableBodyPruning":true},"request":{"auth":{"type":"noauth"},"method":"GET","header":[{"key":"X-PRGRMS-AUTH","value":"Bearer eyJ0eXAiOiJKV1QiLCJhbGciOiJIUzUxMiJ9.eyJyb2xlcyI6WyJST0xFX1VTRVIiXSwiaXNzIjoicHJvZ3JhbW1lcnMiLCJuYW1lIjoidGVzdGVyIiwiaWF0IjoxNjE1MDE3Njc2LCJ1c2VyS2V5IjoxfQ.lKA0xMTckC1hQNCiUHOI_vGwh92i-pIn8nBOEVSFSYyUYsO_GKPUXge5oVNVuR4I1eewxuSq5j2Z5JueSmGm3g","type":"text"}],"body":{"mode":"raw","raw":"","options":{"raw":{"language":"json"}}},"url":{"raw":"https://pr-0eb70e4bbf5743cf5.programmers.co.kr:49158/web/api/users/me","protocol":"https","host":["pr-0eb70e4bbf5743cf5","programmers","co","kr"],"port":"49158","path":["web","api","users","me"],"query":[{"key":"email","value":"tester","type":"text","disabled":true},{"key":"password","value":"1234","type":"text","disabled":true}]}},"response":[]},{"name":"review","id":"481b4680-1652-48b5-bb65-a37f02707233","protocolProfileBehavior":{"disableBodyPruning":true},"request":{"auth":{"type":"noauth"},"method":"POST","header":[{"key":"X-PRGRMS-AUTH","value":"Bearer eyJ0eXAiOiJKV1QiLCJhbGciOiJIUzUxMiJ9.eyJyb2xlcyI6WyJST0xFX1VTRVIiXSwiaXNzIjoicHJvZ3JhbW1lcnMiLCJuYW1lIjoidGVzdGVyIiwiaWF0IjoxNjE1MDM1MjcwLCJ1c2VyS2V5IjoxfQ.KnHJafPqOB5N81vgCILKRbNUu0cjBU69XsmNMVIt-m1kKa_JlWQeTahmSIALKBEG3qn7XHB7t6cQxSXV6Yu4JA","type":"text"}],"body":{"mode":"raw","raw":"{\r\n    \"content\":\"review test\"\r\n}","options":{"raw":{"language":"json"}}},"url":{"raw":"https://pr-06f8b2ff38abcbb18.programmers.co.kr:49154/web/api/orders/1/review","protocol":"https","host":["pr-06f8b2ff38abcbb18","programmers","co","kr"],"port":"49154","path":["web","api","orders","1","review"],"query":[{"key":"email","value":"tester","type":"text","disabled":true},{"key":"password","value":"1234","type":"text","disabled":true}]}},"response":[]},{"name":"192.168.0.28/json","id":"880f1376-7f5a-4009-b752-087ca8894d88","protocolProfileBehavior":{"disableBodyPruning":true},"request":{"method":"GET","header":[{"warning":"This is a duplicate header and will be overridden by the Content-Type header generated by Postman.","key":"Content-Type","value":"application/json","type":"text"},{"key":"Accept-Charset","value":"","type":"text","disabled":true}],"body":{"mode":"formdata","formdata":[{"key":"service","value":"common.GetViewerToken","type":"text","disabled":true}]},"url":{"raw":"https://192.168.0.27:8443/volume/service/WebFileDownload?meta_server_url=https://csweb.kncsoft.co.kr&session_id=csweb7470-129eb7f0-0030-4a5b-a43a-27c5217e5152&file_id=112365&file_version=1","protocol":"https","host":["192","168","0","27"],"port":"8443","path":["volume","service","WebFileDownload"],"query":[{"key":"meta_server_url","value":"https://csweb.kncsoft.co.kr"},{"key":"session_id","value":"csweb7470-129eb7f0-0030-4a5b-a43a-27c5217e5152"},{"key":"file_id","value":"112365"},{"key":"file_version","value":"1"},{"key":"","value":"","type":"text","disabled":true}]}},"response":[]},{"name":"https://intranet-fs.csttec.com:8484/volume/service/WebFileDownload?meta_server_url=https://csweb.kncsoft.co.kr&session_id=csweb7470-129eb7f0-0030-4a5b-a43a-27c5217e5152&file_id=112365&file_version=1","id":"1af93e97-a940-400b-bd52-fa5cb996f6d9","protocolProfileBehavior":{"disableBodyPruning":true},"request":{"method":"GET","header":[],"url":{"raw":"https://intranet-fs.csttec.com:8484/volume/service/WebFileDownload?meta_server_url=https://csweb.kncsoft.co.kr&session_id=csweb7470-129eb7f0-0030-4a5b-a43a-27c5217e5152&file_id=112365&file_version=1","protocol":"https","host":["intranet-fs","csttec","com"],"port":"8484","path":["volume","service","WebFileDownload"],"query":[{"key":"meta_server_url","value":"https://csweb.kncsoft.co.kr"},{"key":"session_id","value":"csweb7470-129eb7f0-0030-4a5b-a43a-27c5217e5152"},{"key":"file_id","value":"112365"},{"key":"file_version","value":"1"}]}},"response":[]},{"name":"https://intranet-fs.csttec.com:8484/volume/service/json?meta_server_url=https://csweb.kncsoft.co.kr&session_id=csweb7470-129eb7f0-0030-4a5b-a43a-27c5217e5152&file_id=112365&file_version=1&service=GetViewableUrls","id":"ded053f4-e837-4a81-a3eb-58d1a36e242f","protocolProfileBehavior":{"disableBodyPruning":true},"request":{"method":"POST","header":[],"body":{"mode":"formdata","formdata":[]},"url":{"raw":"http://localhost:8080/fileserver/service/json","protocol":"http","host":["localhost"],"port":"8080","path":["fileserver","service","json"]}},"response":[]}]}