{"info":{"_postman_id":"553fd29b-36aa-4c2e-a4cc-053b61a8ccc5","name":"Hungry","schema":"https://schema.getpostman.com/json/collection/v2.1.0/collection.json"},"item":[{"name":"User","item":[{"name":"User","id":"553dc6d8-bedf-4523-baa5-62d25c15bccf","protocolProfileBehavior":{"disableBodyPruning":true},"request":{"method":"POST","header":[],"body":{"mode":"raw","raw":"{\r\n    \"name\": \"asd\",\r\n    \"email\": \"azqazq195@gmail.com\",\r\n    \"password\": \"qwe123\",\r\n    \"photo\": {\r\n        \"path\": \"path\"\r\n    }\r\n}","options":{"raw":{"language":"json"}}},"url":{"raw":"http://15.165.241.218:8080/user","protocol":"http","host":["15","165","241","218"],"port":"8080","path":["user"]}},"response":[]},{"name":"User","id":"b6506ddb-cb64-4b78-b198-4aaac70bfd32","protocolProfileBehavior":{"disableBodyPruning":true},"request":{"method":"GET","header":[],"body":{"mode":"formdata","formdata":[]},"url":{"raw":"http://15.165.241.218:8080/user/3","protocol":"http","host":["15","165","241","218"],"port":"8080","path":["user","3"]}},"response":[]},{"name":"Users","id":"766f4a62-e47c-4a7e-8afb-414283967b8d","protocolProfileBehavior":{"disableBodyPruning":true},"request":{"method":"GET","header":[],"url":{"raw":"http://15.165.241.218:8080/users","protocol":"http","host":["15","165","241","218"],"port":"8080","path":["users"]}},"response":[]},{"name":"Login","id":"64c3498d-a2b5-479b-ada1-74c7b7c7a2b9","protocolProfileBehavior":{"disableBodyPruning":true},"request":{"method":"POST","header":[],"body":{"mode":"raw","raw":"{\r\n    \"email\": \"azqazq195@gmail.co2m\",\r\n    \"password\": \"qwe123\"\r\n}","options":{"raw":{"language":"json"}}},"url":{"raw":"http://15.165.241.218:8080/login","protocol":"http","host":["15","165","241","218"],"port":"8080","path":["login"]}},"response":[]},{"name":"find email","id":"1bdeaf17-57c5-4d57-a929-49ac16247ba0","protocolProfileBehavior":{"disableBodyPruning":true},"request":{"method":"GET","header":[],"body":{"mode":"raw","raw":"{\r\n    \"name\": \"문성하\"\r\n}","options":{"raw":{"language":"json"}}},"url":{"raw":"http://15.165.241.218:8080/user/findEmail","protocol":"http","host":["15","165","241","218"],"port":"8080","path":["user","findEmail"]}},"response":[]}],"id":"c02c1096-caff-4cf6-a175-b1d4b1f30e04"},{"name":"Store","item":[{"name":"Stores","id":"ee0768d5-cc7e-437b-ae23-da74be60f256","protocolProfileBehavior":{"disableBodyPruning":true},"request":{"method":"GET","header":[],"url":{"raw":"http://15.165.241.218:8080/stores-all","protocol":"http","host":["15","165","241","218"],"port":"8080","path":["stores-all"]}},"response":[]},{"name":"Store","id":"760f0ec7-788b-47f3-af97-595dc176ad6a","protocolProfileBehavior":{"disableBodyPruning":true},"request":{"method":"POST","header":[],"body":{"mode":"raw","raw":"{\r\n    \"name\": \"asd\",\r\n    \"description\": \"asd\",\r\n    \"rating\": 4.5,\r\n    \"location\": \"asd\",\r\n    \"user\": {\r\n        \"id\": 3\r\n    },\r\n    \"photo\": [\r\n        {\r\n            \"path\": \"url\"\r\n        }\r\n    ]\r\n}\r\n\r\n","options":{"raw":{"language":"json"}}},"url":{"raw":"http://15.165.241.218:8080/store/","protocol":"http","host":["15","165","241","218"],"port":"8080","path":["store",""]}},"response":[]},{"name":"Store","id":"7f61fb30-4729-4261-8cde-fac9f457d7f5","protocolProfileBehavior":{"disableBodyPruning":true},"request":{"method":"GET","header":[],"url":{"raw":"http://15.165.241.218:8080/store/1","protocol":"http","host":["15","165","241","218"],"port":"8080","path":["store","1"]}},"response":[]}],"id":"a0093f36-edfa-4225-a935-8fb3474a473f"},{"name":"File","item":[{"name":"Upload","id":"5d4e93ee-77bc-482f-9ceb-de2364b6df77","protocolProfileBehavior":{"disableBodyPruning":true},"request":{"method":"POST","header":[],"body":{"mode":"formdata","formdata":[{"key":"file","type":"file","src":"/C:/Users/azqaz/Pictures/Sample/sample (2).png"}]},"url":{"raw":"http://localhost:8080/file","protocol":"http","host":["localhost"],"port":"8080","path":["file"]}},"response":[]}],"id":"39befb08-92e2-4763-b2d6-5bb914e960f0"}]}