{"info":{"_postman_id":"55735e6e-e083-4cf1-b773-343ec321171e","name":"Prod","schema":"https://schema.getpostman.com/json/collection/v2.1.0/collection.json"},"item":[{"name":"Authentication","item":[{"name":"SignUp","id":"e8f98d1b-c348-4608-b642-3f32cff83d9e","protocolProfileBehavior":{"disableBodyPruning":true},"request":{"method":"POST","header":[],"body":{"mode":"urlencoded","urlencoded":[{"key":"username","value":"문성하","type":"text"},{"key":"email","value":"azqazq195@naver.com","type":"text"},{"key":"password","value":"qwe123","type":"text"},{"key":"passwordCheck","value":"qwe123","type":"text"}]},"url":{"raw":"https://api.moseoh.xyz/v1/authentication/signup","protocol":"https","host":["api","moseoh","xyz"],"path":["v1","authentication","signup"]}},"response":[]},{"name":"SignIn","id":"f68132c0-5fc0-4485-93b2-531f8e816c78","protocolProfileBehavior":{"disableBodyPruning":true},"request":{"method":"POST","header":[],"body":{"mode":"urlencoded","urlencoded":[{"key":"email","value":"azqazq195@naver.com","type":"text"},{"key":"password","value":"qwe123","type":"text"}]},"url":{"raw":"https://api.moseoh.xyz/v1/authentication/signin","protocol":"https","host":["api","moseoh","xyz"],"path":["v1","authentication","signin"]}},"response":[]},{"name":"RefreshToken","id":"349302c2-d148-4cd5-a3bd-8c0ad5bd6d9f","protocolProfileBehavior":{"disableBodyPruning":true},"request":{"method":"POST","header":[],"body":{"mode":"urlencoded","urlencoded":[{"key":"accessToken","value":"","type":"text"},{"key":"refreshToken","value":"","type":"text"}]},"url":{"raw":"https://api.moseoh.xyz/v1/authentication/refreshToken","protocol":"https","host":["api","moseoh","xyz"],"path":["v1","authentication","refreshToken"]}},"response":[]}],"id":"f28c0f4e-8e95-417d-ac9e-289416d7be13"}]}