{"info":{"_postman_id":"64471a5e-6222-4303-b6e3-8c62b904b29b","name":"Todo","schema":"https://schema.getpostman.com/json/collection/v2.1.0/collection.json"},"item":[{"name":"create_todo","id":"caa552ab-c697-48f6-a6a1-772601c7d583","protocolProfileBehavior":{"disableBodyPruning":true},"request":{"method":"POST","header":[],"body":{"mode":"formdata","formdata":[{"key":"uploadFiles","type":"file","src":"/D:/사진/이미지샘플/sibafuck.jpg"},{"key":"request","value":"{\n  \"name\": \"my todo's new name\",\n  \"completed\": false\n}","type":"text","contentType":"application/json"},{"key":"uploadFiles","type":"file","src":"/D:/사진/이미지샘플/sibafuck.jpg"}]},"url":{"raw":"{{host}}/todos?apikey=seonghamoon","host":["{{host}}"],"path":["todos"],"query":[{"key":"apikey","value":"seonghamoon"}]}},"response":[]},{"name":"retrieve_todo","id":"bb49287f-334d-4337-9f03-516fc7a5c4c3","protocolProfileBehavior":{"disableBodyPruning":true},"request":{"method":"GET","header":[],"url":{"raw":"{{host}}/todos/1","host":["{{host}}"],"path":["todos","1"]}},"response":[]},{"name":"list_todos","id":"42b144a3-eae0-4a96-9802-4b00261f7f74","protocolProfileBehavior":{"disableBodyPruning":true},"request":{"method":"GET","header":[],"url":{"raw":"{{host}}/todos?limit=10","host":["{{host}}"],"path":["todos"],"query":[{"key":"limit","value":"10"}]}},"response":[]},{"name":"update_todo","id":"5ea622e4-0471-477b-bff9-fea821dfdc88","protocolProfileBehavior":{"disableBodyPruning":true},"request":{"method":"PUT","header":[],"body":{"mode":"formdata","formdata":[{"key":"request","value":"{\n  \"name\": \"zzz\",\n  \"completed\": true,\n  \"fileInfoIds\" : [2]\n}","type":"text","contentType":"application/json"},{"key":"uploadFiles","type":"file","src":"/D:/사진/이미지샘플/sibafuck.jpg"}]},"url":{"raw":"{{host}}/todos/1?apikey=seonghamoon","host":["{{host}}"],"path":["todos","1"],"query":[{"key":"apikey","value":"seonghamoon"}]}},"response":[]},{"name":"delete_todo","id":"39256605-9bdc-41b6-ae89-531e1f6f255e","protocolProfileBehavior":{"disableBodyPruning":true},"request":{"method":"DELETE","header":[],"url":{"raw":"{{host}}/todos/1?apikey=seonghamoon","host":["{{host}}"],"path":["todos","1"],"query":[{"key":"apikey","value":"seonghamoon"}]}},"response":[]}],"auth":{"type":"apikey","apikey":[{"key":"value","value":"{{accessToken}}","type":"string"},{"key":"key","value":"Authorization","type":"string"}]},"event":[{"listen":"prerequest","script":{"id":"4a40a2e6-acf8-46a3-b95c-2edfea3b0225","type":"text/javascript","exec":[""]}},{"listen":"test","script":{"id":"1b1dfdac-db4e-4a99-978d-418b7634263b","type":"text/javascript","exec":[""]}}]}