{"info":{"_postman_id":"7c3d37fe-7189-4ab6-ad9a-18e298836298","name":"New Collection","schema":"https://schema.getpostman.com/json/collection/v2.1.0/collection.json"},"item":[{"name":"Login","id":"39f81905-129c-4840-932d-9a1d91d0d1bb","protocolProfileBehavior":{"disableBodyPruning":true},"request":{"method":"POST","header":[],"body":{"mode":"raw","raw":"{\r\n    \"principal\":\"tester@gmail.com\",\r\n    \"credentials\":\"$2a$10$mzF7/rMylsnxxwNcTsJTEOFhh1iaHv3xVox.vpf6JQybEhE4jDZI.\"\r\n}","options":{"raw":{"language":"json"}}},"url":{"raw":"1   ","host":["1   "]}},"response":[]},{"name":"New Request","id":"bb0a288a-101c-47be-9a97-3784243b4e13","protocolProfileBehavior":{"disableBodyPruning":true},"request":{"auth":{"type":"bearer","bearer":[{"key":"token","value":"eyJ0eXAiOiJKV1QiLCJhbGciOiJIUzUxMiJ9.eyJyb2xlcyI6WyJST0xFX1VTRVIiXSwiaXNzIjoicHJvZ3JhbW1lcnMiLCJuYW1lIjoidGVzdGVyIiwiaWF0IjoxNjU1NzMwNzMwLCJ1c2VyS2V5IjoxfQ.FmbI67phq66eeHqkgCFc0t6-550NlJ54ZxaxvGPJrGFYkfsssydS1sa0iLdqRJ3_u2PxxwS872NMkOMZcL_d9A","type":"string"}]},"method":"GET","header":[{"key":"X-PRGRMS-AUTH","value":"Baerer eyJ0eXAiOiJKV1QiLCJhbGciOiJIUzUxMiJ9.eyJyb2xlcyI6WyJST0xFX1VTRVIiXSwiaXNzIjoicHJvZ3JhbW1lcnMiLCJuYW1lIjoidGVzdGVyIiwiaWF0IjoxNjU1NzMwNzMwLCJ1c2VyS2V5IjoxfQ.FmbI67phq66eeHqkgCFc0t6-550NlJ54ZxaxvGPJrGFYkfsssydS1sa0iLdqRJ3_u2PxxwS872NMkOMZcL_d9A","type":"text"}],"url":{"raw":"https://pr-0e54affdce165083a.programmers.co.kr:50320/web/api/users/me","protocol":"https","host":["pr-0e54affdce165083a","programmers","co","kr"],"port":"50320","path":["web","api","users","me"]}},"response":[]}]}