{"info":{"_postman_id":"8ae3fb96-b334-4e14-97c5-4b1b5be201ff","name":"Account","schema":"https://schema.getpostman.com/json/collection/v2.1.0/collection.json"},"item":[{"name":"login","event":[{"listen":"test","script":{"id":"a36f7d71-3c38-4bc4-aa9d-8ce09d82b569","exec":["if(pm.response.code === 200){\r","    pm.environment.set('access_token', pm.response.json().access_token)\r","    pm.environment.set('refresh_token', pm.response.json().refresh_token)\r","}"],"type":"text/javascript"}}],"id":"00c1fb8a-8b5d-4029-b70d-46e533aaf824","protocolProfileBehavior":{"disableBodyPruning":true},"request":{"auth":{"type":"noauth"},"method":"POST","header":[],"body":{"mode":"raw","raw":"{\r\n    \"email\":\"azqazq195@gmail.com\",\r\n    \"password\":\"qwer1234!\"\r\n}","options":{"raw":{"language":"json"}}},"url":{"raw":"http://127.0.0.1:8000/rest-auth/login/","protocol":"http","host":["127","0","0","1"],"port":"8000","path":["rest-auth","login",""]}},"response":[]},{"name":"logout","id":"213c3479-681f-49ca-95a0-39b3e81cbb2a","protocolProfileBehavior":{"disableBodyPruning":true},"request":{"auth":{"type":"noauth"},"method":"POST","header":[],"body":{"mode":"raw","raw":"{\r\n    \"access\": \"{{access_token}}\",\r\n    \"refresh\": \"{{refresh_token}}\"\r\n}","options":{"raw":{"language":"json"}}},"url":{"raw":"http://127.0.0.1:8000/rest-auth/logout/","protocol":"http","host":["127","0","0","1"],"port":"8000","path":["rest-auth","logout",""]}},"response":[]},{"name":"register","id":"489a7146-71af-47b1-a685-68537f85f652","protocolProfileBehavior":{"disableBodyPruning":true},"request":{"auth":{"type":"noauth"},"method":"POST","header":[],"body":{"mode":"raw","raw":"{\r\n    \"email\":\"azqazq195@gmail.com22\",\r\n    \"password1\":\"qwer1234!\",\r\n    \"password2\":\"qwer1234!\"\r\n}","options":{"raw":{"language":"json"}}},"url":{"raw":"http://127.0.0.1:8000/rest-auth/registration/","protocol":"http","host":["127","0","0","1"],"port":"8000","path":["rest-auth","registration",""]}},"response":[]}]}