{"info":{"_postman_id":"a54bb4fe-fc56-417f-8418-c6b6f012a346","name":"Hungry local","schema":"https://schema.getpostman.com/json/collection/v2.1.0/collection.json"},"item":[{"name":"User","item":[{"name":"User","id":"2d9c661e-2c88-4d98-9092-21a5d2edde5e","protocolProfileBehavior":{"disableBodyPruning":true},"request":{"method":"POST","header":[],"body":{"mode":"raw","raw":"{\r\n    \"name\": \"asd\",\r\n    \"email\": \"azqazq195@gmail.com\",\r\n    \"phone\": \"010-8897-7064\",\r\n    \"password\": \"qwe123\"\r\n}","options":{"raw":{"language":"json"}}},"url":{"raw":"http://localhost:8080/user","protocol":"http","host":["localhost"],"port":"8080","path":["user"]}},"response":[]},{"name":"User","id":"304fc1da-2909-425a-ac54-9134ffa84d68","protocolProfileBehavior":{"disableBodyPruning":true},"request":{"method":"GET","header":[],"body":{"mode":"formdata","formdata":[]},"url":{"raw":"http://localhost:8080/user/5","protocol":"http","host":["localhost"],"port":"8080","path":["user","5"]}},"response":[]},{"name":"Users","id":"9a605a5f-523f-42ab-b47a-c8d4ac3d1805","protocolProfileBehavior":{"disableBodyPruning":true},"request":{"method":"GET","header":[],"url":{"raw":"http://localhost:8080/users","protocol":"http","host":["localhost"],"port":"8080","path":["users"]}},"response":[]},{"name":"Login","id":"6d3ccc7f-9769-4c2d-8352-5b593d69af2e","protocolProfileBehavior":{"disableBodyPruning":true},"request":{"method":"POST","header":[],"body":{"mode":"raw","raw":"{\r\n    \"email\": \"azqazq195@gmail.co2m\",\r\n    \"password\": \"qwe123\"\r\n}","options":{"raw":{"language":"json"}}},"url":{"raw":"http://localhost:8080/login","protocol":"http","host":["localhost"],"port":"8080","path":["login"]}},"response":[]},{"name":"find email","id":"e130f3f9-28aa-4282-94ce-cb97e309138f","protocolProfileBehavior":{"disableBodyPruning":true},"request":{"method":"GET","header":[],"body":{"mode":"raw","raw":"{\r\n    \"phone\": \"010-8897-7064\"\r\n}","options":{"raw":{"language":"json"}}},"url":{"raw":"http://localhost:8080/user/find-email?phone=01088977064","protocol":"http","host":["localhost"],"port":"8080","path":["user","find-email"],"query":[{"key":"phone","value":"01088977064","type":"text"}]}},"response":[]},{"name":"find password","id":"1841e49a-4571-438b-a3c5-834cea54af55","protocolProfileBehavior":{"disableBodyPruning":true},"request":{"method":"GET","header":[],"body":{"mode":"raw","raw":"{\r\n    \"email\": \"azqazq195@gmail.com\",\r\n    \"phone\": \"010-8897-7064\"\r\n}","options":{"raw":{"language":"json"}}},"url":{"raw":"http://localhost:8080/user/find-password?email=azqazq195@gmail.com&phone=010-8897-7064","protocol":"http","host":["localhost"],"port":"8080","path":["user","find-password"],"query":[{"key":"email","value":"azqazq195@gmail.com"},{"key":"phone","value":"010-8897-7064"}]}},"response":[]},{"name":"User","id":"4c3cdf56-385d-4347-bc1d-ea228b31fd7f","protocolProfileBehavior":{"disableBodyPruning":true},"request":{"method":"PUT","header":[],"body":{"mode":"raw","raw":" { \r\n     \"id\":1,\r\n     \"photo\": {\r\n        \"path\": \"path\"\r\n    }\r\n }","options":{"raw":{"language":"json"}}},"url":{"raw":"http://localhost:8080/user","protocol":"http","host":["localhost"],"port":"8080","path":["user"]}},"response":[]},{"name":"check-email","id":"cbcf4514-80b2-4e02-b82c-85b80af8eb26","protocolProfileBehavior":{"disableBodyPruning":true},"request":{"method":"GET","header":[],"url":{"raw":"http://localhost:8080/check-email?email=azqazq195@gmail.com","protocol":"http","host":["localhost"],"port":"8080","path":["check-email"],"query":[{"key":"email","value":"azqazq195@gmail.com","type":"text"}]}},"response":[]},{"name":"check-phone","id":"d570eedf-3420-409f-9699-a4389609c2e4","protocolProfileBehavior":{"disableBodyPruning":true},"request":{"method":"GET","header":[],"url":{"raw":"http://localhost:8080/check-phone?phone=010-8897-7064","protocol":"http","host":["localhost"],"port":"8080","path":["check-phone"],"query":[{"key":"phone","value":"010-8897-7064"}]}},"response":[]},{"name":"User","id":"cea69b1d-2af0-42a5-b9a6-bf9cde2f9222","protocolProfileBehavior":{"disableBodyPruning":true},"request":{"method":"DELETE","header":[],"url":{"raw":"http://localhost:8080/user","protocol":"http","host":["localhost"],"port":"8080","path":["user"]}},"response":[]}],"id":"279ce4cf-b23b-4ad0-9f61-be4fbcc7a178"},{"name":"Store","item":[{"name":"Stores-All","id":"97f7da41-c90a-4ddd-8baa-8f62eaf83706","protocolProfileBehavior":{"disableBodyPruning":true},"request":{"method":"GET","header":[],"body":{"mode":"raw","raw":""},"url":{"raw":"http://localhost:8080/stores-all","protocol":"http","host":["localhost"],"port":"8080","path":["stores-all"]}},"response":[]},{"name":"Stores","id":"16ca93d3-4c76-4dbd-817e-1e600cc8e0f3","protocolProfileBehavior":{"disableBodyPruning":true},"request":{"method":"GET","header":[],"url":{"raw":"http://localhost:8080/stores?user_id=5&category=b","protocol":"http","host":["localhost"],"port":"8080","path":["stores"],"query":[{"key":"user_id","value":"5"},{"key":"category","value":"b","type":"text"}]}},"response":[]},{"name":"Store","id":"42c5958e-e455-48e1-9b4f-5db2a06699c3","protocolProfileBehavior":{"disableBodyPruning":true},"request":{"method":"POST","header":[],"body":{"mode":"raw","raw":"{\r\n    \"name\": \"asd\",\r\n    \"addressName\": \"asd\",\r\n    \"description\": \"asd\",\r\n    \"rating\": 4.1,\r\n    \"location\": \"asd\",\r\n    \"category\": \"b\",\r\n    \"placeName\": \"sdf\",\r\n    \"user\": {\r\n        \"id\": 1\r\n    },\r\n    \"photo\": [\r\n        {\r\n            \"path\": \"url\"\r\n        }\r\n    ]\r\n}\r\n\r\n","options":{"raw":{"language":"json"}}},"url":{"raw":"http://localhost:8080/store/","protocol":"http","host":["localhost"],"port":"8080","path":["store",""]}},"response":[]},{"name":"Store","id":"88df4b6b-0284-4594-864e-668ae85dadc6","protocolProfileBehavior":{"disableBodyPruning":true},"request":{"method":"GET","header":[],"url":{"raw":"http://localhost:8080/store/3","protocol":"http","host":["localhost"],"port":"8080","path":["store","3"]}},"response":[]},{"name":"Store","id":"60f01ce0-900d-4be8-b2ac-2d8aa9d15563","protocolProfileBehavior":{"disableBodyPruning":true},"request":{"method":"PUT","header":[],"body":{"mode":"raw","raw":"{\r\n    \"id\": 1,\r\n            \"name\": \"asd\",\r\n            \"review\": null,\r\n            \"rating\": 4.5,\r\n            \"addressName\": null,\r\n            \"categoryGroupName\": \"asd\",\r\n            \"categoryGroupCode\":\"asd\",\r\n            \"phone\": null,\r\n            \"placeName\": \"asd\",\r\n            \"placeUrl\":\"asd\",\r\n            \"roadAddressName\":\"asd\",\r\n            \"x\": 15.515,\r\n            \"y\": 15.51651,\r\n            \"category\": \"b\",\r\n            \"photo\": [\r\n                {\r\n                    \"id\": 2,\r\n                    \"path\": \"url\"\r\n                }\r\n            ],\r\n            \"user\": {\r\n                \"id\": 1\r\n            }\r\n}\r\n","options":{"raw":{"language":"json"}}},"url":{"raw":"http://localhost:8080/store","protocol":"http","host":["localhost"],"port":"8080","path":["store"]}},"response":[]},{"name":"Store","id":"bc8e5b00-39c4-4b1e-a334-014ef8a59c13","protocolProfileBehavior":{"disableBodyPruning":true},"request":{"method":"DELETE","header":[],"url":{"raw":"http://localhost:8080/store/1","protocol":"http","host":["localhost"],"port":"8080","path":["store","1"]}},"response":[]}],"id":"debf81b3-9e3b-493f-b44a-7767a72a5ce3"},{"name":"File","item":[{"name":"Upload","id":"e12e5f9a-9e93-471f-be8d-c7e518812d2a","protocolProfileBehavior":{"disableBodyPruning":true},"request":{"method":"POST","header":[],"body":{"mode":"formdata","formdata":[{"key":"file","type":"file","src":"/C:/Users/azqaz/Pictures/Sample/sample (2).png"}]},"url":{"raw":"http://localhost:8080/file","protocol":"http","host":["localhost"],"port":"8080","path":["file"]}},"response":[]}],"id":"c8710102-f80b-49fe-9904-81cea6dde75f"}]}