{"info":{"_postman_id":"a5a0aa3b-0a09-4dfc-8f47-17c203209f66","name":"Authentiaction","schema":"https://schema.getpostman.com/json/collection/v2.1.0/collection.json"},"item":[{"name":"sign_up","id":"dd19ecd0-7217-4bee-9f00-a38edad5eac3","protocolProfileBehavior":{"disableBodyPruning":true},"request":{"auth":{"type":"noauth"},"method":"POST","header":[],"body":{"mode":"raw","raw":"{\r\n    \"name\":\"qwe\",\r\n    \"email\":\"qwe\",\r\n    \"password\":\"qwe\",\r\n    \"age\": 32\r\n}","options":{"raw":{"language":"json"}}},"url":{"raw":"{{host}}/auth/signup","host":["{{host}}"],"path":["auth","signup"]}},"response":[]},{"name":"sign_in","event":[{"listen":"test","script":{"id":"01e15f91-fe32-4c40-9a69-c0302396a59c","exec":["if(pm.response.code === 200){\r","    pm.environment.set('accessToken', pm.response.json().accessToken)\r","    pm.environment.set('refreshToken', pm.response.json().refreshToken)\r","}"],"type":"text/javascript"}}],"id":"c70f328c-bac3-4db6-8d09-618a4e3302a3","protocolProfileBehavior":{"disableBodyPruning":true},"request":{"auth":{"type":"noauth"},"method":"POST","header":[],"body":{"mode":"raw","raw":"{\r\n    \"email\":\"qwe\",\r\n    \"password\":\"qwe\"\r\n}","options":{"raw":{"language":"json"}}},"url":{"raw":"{{host}}/auth/signin","host":["{{host}}"],"path":["auth","signin"]}},"response":[]}]}