{"info":{"_postman_id":"a995b953-9566-4f4b-8954-0307220e145f","name":"Assistant","schema":"https://schema.getpostman.com/json/collection/v2.1.0/collection.json"},"item":[{"name":"User","item":[{"name":"User","id":"1a0068fa-e04f-4fd3-b0f0-82707bb7868d","protocolProfileBehavior":{"disableBodyPruning":true},"request":{"method":"POST","header":[],"body":{"mode":"raw","raw":"{\r\n    \"name\": \"문성하\",\r\n    \"email\": \"azqazq195@gmail.co2m\",\r\n    \"password\": \"qwe123\",\r\n    \"photo\": {\r\n        \"path\": \"path\"\r\n    }\r\n}","options":{"raw":{"language":"json"}}},"url":{"raw":"http://localhost:8080/user","protocol":"http","host":["localhost"],"port":"8080","path":["user"]}},"response":[]},{"name":"User","id":"1930c365-2a9e-4c1a-b625-15f4d431d113","protocolProfileBehavior":{"disableBodyPruning":true},"request":{"method":"GET","header":[],"body":{"mode":"formdata","formdata":[]},"url":{"raw":"http://localhost:8080/user/3","protocol":"http","host":["localhost"],"port":"8080","path":["user","3"]}},"response":[]},{"name":"Users","id":"96755bc6-ac1c-4d20-ad54-379137e3ec07","protocolProfileBehavior":{"disableBodyPruning":true},"request":{"method":"GET","header":[],"url":{"raw":"http://localhost:8080/users","protocol":"http","host":["localhost"],"port":"8080","path":["users"]}},"response":[]},{"name":"Login","id":"7ec937da-c29b-494d-8dc6-b010bec030a1","protocolProfileBehavior":{"disableBodyPruning":true},"request":{"method":"POST","header":[],"body":{"mode":"raw","raw":"{\r\n    \"email\": \"azqazq195@gmail.com\",\r\n    \"password\": \"qwe123\"\r\n}","options":{"raw":{"language":"json"}}},"url":{"raw":"http://localhost:8080/login","protocol":"http","host":["localhost"],"port":"8080","path":["login"]}},"response":[]}],"id":"bcf36ddb-0a62-4993-8acf-3e5b184b53d7"}]}