{"info":{"_postman_id":"b1c630ec-027d-40a4-ac83-c0b79a8448cc","name":"Local","schema":"https://schema.getpostman.com/json/collection/v2.1.0/collection.json"},"item":[{"name":"Authentication","item":[{"name":"SignUp","id":"1abe72de-0016-41ce-b461-8e547de9745d","protocolProfileBehavior":{"disableBodyPruning":true},"request":{"method":"POST","header":[],"body":{"mode":"raw","raw":"{\r\n    \"username\":\"문성하\",\r\n    \"email\":\"azqazq195@gmail.com\",\r\n    \"password\":\"qwe\",\r\n    \"passwordCheck\":\"qwe\"\r\n}","options":{"raw":{"language":"json"}}},"url":{"raw":"http://localhost:8080/v1/authentication/signup","protocol":"http","host":["localhost"],"port":"8080","path":["v1","authentication","signup"]}},"response":[]},{"name":"SignIn","id":"d4d74007-9725-4107-8a86-698ddf644e7c","protocolProfileBehavior":{"disableBodyPruning":true},"request":{"method":"POST","header":[],"body":{"mode":"raw","raw":"{\r\n    \"email\":\"asd@asd.asd\",\r\n    \"password\":\"X23MUzf9LDQtH3eBQFjodw==\"\r\n}","options":{"raw":{"language":"json"}}},"url":{"raw":"http://localhost:8080/v1/authentication/signin","protocol":"http","host":["localhost"],"port":"8080","path":["v1","authentication","signin"]}},"response":[]},{"name":"RefreshToken","id":"922339f8-2b8e-4bc6-86c5-03cb09a4011f","protocolProfileBehavior":{"disableBodyPruning":true},"request":{"method":"POST","header":[],"body":{"mode":"urlencoded","urlencoded":[{"key":"accessToken","value":"","type":"text"},{"key":"refreshToken","value":"","type":"text"}]},"url":{"raw":"localhost:8080/v1/authentication/refreshToken","host":["localhost"],"port":"8080","path":["v1","authentication","refreshToken"]}},"response":[]}],"id":"2da45e86-f65c-4ee3-8b4d-f259b77636c1"},{"name":"Code","item":[{"name":"reload","id":"dc1e0548-c45f-45f1-b766-2b07aecaf959","protocolProfileBehavior":{"disableBodyPruning":true},"request":{"method":"POST","header":[{"key":"X-AUTH-TOKEN","value":"eyJ0eXAiOiJKV1QiLCJhbGciOiJIUzI1NiJ9.eyJzdWIiOiIyIiwicm9sZXMiOlsiUk9MRV9VU0VSIl0sImlhdCI6MTY1MjcwMjMwMywiZXhwIjoxNjUyNzA1OTAzfQ.Do9i2diq__lkXMOCRewOaEdXTDnaTnK9PMvecD_tXJk","type":"text"}],"body":{"mode":"raw","raw":"{\r\n    \"centerDbPopulate\":\"\",\r\n    \"dbPopulate\":\"\"\r\n}","options":{"raw":{"language":"json"}}},"url":{"raw":"localhost:8080/v1/code/reload","host":["localhost"],"port":"8080","path":["v1","code","reload"]}},"response":[]},{"name":"tablenames","id":"5141877f-9d69-460d-9cad-e9cd9fb0d76d","protocolProfileBehavior":{"disableBodyPruning":true},"request":{"method":"GET","header":[{"key":"X-AUTH-TOKEN","value":"eyJ0eXAiOiJKV1QiLCJhbGciOiJIUzI1NiJ9.eyJzdWIiOiIyIiwicm9sZXMiOlsiUk9MRV9VU0VSIl0sImlhdCI6MTY1MjYxNDQzMiwiZXhwIjoxNjUyNjE4MDMyfQ.bE4vj7qtiP5tEjJ-GDQ742iw6znswXc7-XXv9AYYCCs","type":"text"}],"body":{"mode":"raw","raw":"","options":{"raw":{"language":"json"}}},"url":{"raw":"localhost:8080/v1/code/tablenames?databaseName=csttec","host":["localhost"],"port":"8080","path":["v1","code","tablenames"],"query":[{"key":"databaseName","value":"csttec"}]}},"response":[]},{"name":"columns","id":"3b331921-0585-4704-a7b2-e79b4f0990f0","protocolProfileBehavior":{"disableBodyPruning":true},"request":{"method":"GET","header":[{"key":"X-AUTH-TOKEN","value":"eyJ0eXAiOiJKV1QiLCJhbGciOiJIUzI1NiJ9.eyJzdWIiOiIzIiwicm9sZXMiOlsiUk9MRV9VU0VSIl0sImlhdCI6MTY1MzExMzA4OCwiZXhwIjoxNjUzMTE2Njg4fQ.VAb95IS3WdvSdon7bTp3ERmCM1Pt12dJJxJl8vfJzjc","type":"text"},{"key":"Content-Type","value":"application/json","type":"text"}],"url":{"raw":"localhost:8080/v1/code/columns?databaseName=center&tablename=Session1","host":["localhost"],"port":"8080","path":["v1","code","columns"],"query":[{"key":"databaseName","value":"center"},{"key":"tablename","value":"Session1"}]}},"response":[]},{"name":"domain","id":"e9b2ef1b-283d-4e74-8545-e026eaa2fd4c","protocolProfileBehavior":{"disableBodyPruning":true},"request":{"method":"GET","header":[{"key":"X-AUTH-TOKEN","value":"eyJ0eXAiOiJKV1QiLCJhbGciOiJIUzI1NiJ9.eyJzdWIiOiIzIiwicm9sZXMiOlsiUk9MRV9VU0VSIl0sImlhdCI6MTY1MzEyMDc0MiwiZXhwIjoxNjUzMTI0MzQyfQ.NVBb2eO8KdT17SerGtVKd2EaqDkzosmrMc6hRvWgFsw","type":"text"}],"url":{"raw":"localhost:8080/v1/code/domain?mtableId=3920","host":["localhost"],"port":"8080","path":["v1","code","domain"],"query":[{"key":"mtableId","value":"3920"}]}},"response":[]}],"id":"93728211-bb1e-4777-b09d-40f61642db37"},{"name":"Git","item":[{"name":"ReleaseLatest","id":"707895ad-d405-47e6-ad24-268759f61a8d","protocolProfileBehavior":{"disableBodyPruning":true},"request":{"method":"GET","header":[{"key":"X-AUTH-TOKEN","value":"eyJ0eXAiOiJKV1QiLCJhbGciOiJIUzI1NiJ9.eyJzdWIiOiIzIiwicm9sZXMiOlsiUk9MRV9VU0VSIl0sImlhdCI6MTY1MzU2Njg2OCwiZXhwIjoxNjUzNTcwNDY4fQ.qIPERRBy8zFK17JSC4pmQtN3ktPeQBT7dpHQsmsItcQ","type":"text"}],"url":{"raw":"localhost:8080/v1/git/releaseLatest","host":["localhost"],"port":"8080","path":["v1","git","releaseLatest"]}},"response":[]}],"id":"1a1c3794-dc41-4372-b0f8-2e4a1a58a0c8"}]}