{"info":{"_postman_id":"b475af96-38b2-49e9-9768-a96d97d51d47","name":"Foret","description":"foret app \r\n","schema":"https://schema.getpostman.com/json/collection/v2.1.0/collection.json"},"item":[{"name":"member","item":[{"name":"member/emailCheck","id":"038956a2-9624-4435-9939-91f9994546fb","protocolProfileBehavior":{"disableBodyPruning":true},"request":{"method":"POST","header":[],"body":{"mode":"formdata","formdata":[{"key":"email","value":"azqazq195@gmail.com","type":"text"}]},"url":{"raw":"http://54.180.219.200:8085/member/emailCheck","protocol":"http","host":["54","180","219","200"],"port":"8085","path":["member","emailCheck"]}},"response":[]},{"name":"member/login","id":"727238a1-5e51-4f11-9bcd-8b8a5936205c","protocolProfileBehavior":{"disableBodyPruning":true},"request":{"method":"POST","header":[],"body":{"mode":"formdata","formdata":[{"key":"email","value":"azqazq195@gmail.com","type":"text"},{"key":"password","value":"qwe123","type":"text"}]},"url":{"raw":"http://54.180.219.200:8085/member/login","protocol":"http","host":["54","180","219","200"],"port":"8085","path":["member","login"]}},"response":[]},{"name":"member/insert","id":"772657d4-dbd6-4e93-ab87-52b0fe5b7e51","protocolProfileBehavior":{"disableBodyPruning":true},"request":{"method":"POST","header":[],"body":{"mode":"formdata","formdata":[{"key":"name","value":"문성하2","type":"text"},{"key":"email","value":"azqazq195@gmail.com22222","type":"text"},{"key":"password","value":"qwe123","type":"text"},{"key":"nickname","value":"moseoh2","type":"text"},{"key":"birth","value":"19941024","type":"text"},{"key":"tag","value":"java","type":"text"},{"key":"region_si","value":"경기","type":"text"},{"key":"region_gu","value":"성남","type":"text"},{"key":"tag","value":"spring","type":"text"},{"key":"photo","type":"file","src":"/C:/Users/moseoh/OneDrive/Desktop/둘리.jpg"},{"key":"photo","type":"file","src":"/C:/Users/moseoh/OneDrive/Desktop/KakaoTalk_20200524_152948062.jpg"},{"key":"tag","value":"AWS","type":"text"},{"key":"device_token","value":"a","type":"text"}]},"url":{"raw":"http://54.180.219.200:8085/member/insert","protocol":"http","host":["54","180","219","200"],"port":"8085","path":["member","insert"]}},"response":[]},{"name":"member/update","id":"4290ca75-2b59-4bb2-8ec9-06384bfeed16","protocolProfileBehavior":{"disableBodyPruning":true},"request":{"method":"POST","header":[],"body":{"mode":"formdata","formdata":[{"key":"member_id","value":"1","type":"text"},{"key":"name","value":"문성하","type":"text"},{"key":"email","value":"azqazq195@gmail.com","type":"text"},{"key":"password","value":"qwe123","type":"text"},{"key":"nickname","value":"moseoh","type":"text"},{"key":"birth","value":"1994-10-24","type":"text"},{"key":"tag","value":"TOEIC","type":"text"},{"key":"photo","type":"file","src":"/C:/Users/moseoh/OneDrive/Desktop/둘리.jpg"},{"key":"region_si","value":"경기도","type":"text","disabled":true},{"key":"region_gu","value":"성남","type":"text","disabled":true}]},"url":{"raw":"http://localhost:8085/member/update","protocol":"http","host":["localhost"],"port":"8085","path":["member","update"]}},"response":[]},{"name":"member/delete","id":"f7c89a0b-b79a-44cf-904b-dfef404fb3b8","protocolProfileBehavior":{"disableBodyPruning":true},"request":{"method":"POST","header":[],"body":{"mode":"formdata","formdata":[{"key":"email","value":"hong@gmail.com","type":"text"}]},"url":{"raw":"http://localhost:8080/member/delete","protocol":"http","host":["localhost"],"port":"8080","path":["member","delete"]}},"response":[]},{"name":"member/foretInsert","id":"e2d370bd-da09-4845-b64b-e8b4ff782e18","protocolProfileBehavior":{"disableBodyPruning":true},"request":{"method":"POST","header":[],"body":{"mode":"formdata","formdata":[{"key":"member_id","value":"1","type":"text"},{"key":"foret_id","value":"2","type":"text"}]},"url":{"raw":"http://localhost:8080/member/foretInsert","protocol":"http","host":["localhost"],"port":"8080","path":["member","foretInsert"]}},"response":[]},{"name":"member/foretDelete","id":"f64a9383-1fdf-400c-8858-2838b4daf0c0","protocolProfileBehavior":{"disableBodyPruning":true},"request":{"method":"POST","header":[],"body":{"mode":"formdata","formdata":[{"key":"member_id","value":"1","type":"text"},{"key":"foret_id","value":"2","type":"text"}]},"url":{"raw":"http://localhost:8080/member/foretDelete","protocol":"http","host":["localhost"],"port":"8080","path":["member","foretDelete"]}},"response":[]}],"id":"8fbc9bbc-58a5-434d-852f-93c588942fb0"},{"name":"foret","item":[{"name":"foret/insert","id":"00a3a771-4dbd-4cc4-812f-6253c42012cd","protocolProfileBehavior":{"disableBodyPruning":true},"request":{"method":"POST","header":[],"body":{"mode":"formdata","formdata":[{"key":"leader_id","type":"text","value":"1"},{"key":"name","value":"포레","type":"text"},{"key":"introduce","value":"포레 소개","type":"text"},{"key":"max_member","value":"8","type":"text"},{"key":"tag","value":"java","type":"text","disabled":true},{"key":"tag","value":"spring","type":"text","disabled":true},{"key":"region_si","value":"성남시","type":"text","disabled":true},{"key":"region_gu","value":"분당구","type":"text","disabled":true},{"key":"photo","type":"file","src":"/C:/Users/moseoh/OneDrive/Desktop/둘리.jpg","disabled":true}]},"url":{"raw":"http://localhost:8085/foret/insert","protocol":"http","host":["localhost"],"port":"8085","path":["foret","insert"]}},"response":[]},{"name":"foret/update","id":"b25495f3-8333-4508-a03a-44d9a01bbd62","protocolProfileBehavior":{"disableBodyPruning":true},"request":{"method":"POST","header":[],"body":{"mode":"formdata","formdata":[{"key":"foret_id","value":"3","type":"text"},{"key":"leader_id","type":"text","value":"1"},{"key":"name","value":"포레수정","type":"text"},{"key":"introduce","value":"포레 소개수정","type":"text"},{"key":"max_member","value":"10","type":"text"},{"key":"tag","value":"TOEIC","type":"text"},{"key":"region_si","value":"서울시","type":"text"},{"key":"region_gu","value":"관악구","type":"text"},{"key":"photo","type":"file","src":"/C:/Users/moseoh/OneDrive/Desktop/둘리.jpg"}]},"url":{"raw":"http://54.180.219.200:8085/foret/update","protocol":"http","host":["54","180","219","200"],"port":"8085","path":["foret","update"]}},"response":[]},{"name":"foret/delete","id":"0da2e530-2269-44c0-9598-987c7b7f31cd","protocolProfileBehavior":{"disableBodyPruning":true},"request":{"method":"POST","header":[],"body":{"mode":"formdata","formdata":[{"key":"foret_id","value":"2","type":"text"}]},"url":{"raw":"http://localhost:8080/foret/delete","protocol":"http","host":["localhost"],"port":"8080","path":["foret","delete"]}},"response":[]}],"id":"7cf2c33b-1323-46ab-af13-0c7dfb5234e3"},{"name":"board","item":[{"name":"board/insert","id":"ccf29f82-ad69-407c-b221-fb1b25d7de80","protocolProfileBehavior":{"disableBodyPruning":true},"request":{"method":"POST","header":[],"body":{"mode":"formdata","formdata":[{"key":"writer_id","type":"text","value":"1"},{"key":"foret_id","value":"3","type":"text"},{"key":"type","value":"3","type":"text"},{"key":"subject","value":"제목","type":"text"},{"key":"content","value":"내용","type":"text"},{"key":"photo","type":"file","src":"/C:/Users/moseoh/OneDrive/Desktop/둘리.jpg"},{"key":"photo","type":"file","src":"/C:/Users/moseoh/OneDrive/Desktop/KakaoTalk_20200524_152948062.jpg"}]},"url":{"raw":"http://54.180.219.200:8085/board/insert","protocol":"http","host":["54","180","219","200"],"port":"8085","path":["board","insert"]}},"response":[]},{"name":"board/update","id":"d21b144d-a2d2-481b-a56c-8643e447f569","protocolProfileBehavior":{"disableBodyPruning":true},"request":{"method":"POST","header":[],"body":{"mode":"formdata","formdata":[{"key":"board_id","value":"1","type":"text"},{"key":"writer_id","type":"text","value":"1","disabled":true},{"key":"foret_id","value":"1","type":"text","disabled":true},{"key":"type","value":"1","type":"text","disabled":true},{"key":"subject","value":"제목수정","type":"text"},{"key":"content","value":"내용수정","type":"text"},{"key":"photo","type":"file","src":"/C:/Users/moseoh/OneDrive/Desktop/둘리.jpg"},{"key":"photo","type":"file","src":"/C:/Users/moseoh/OneDrive/Desktop/KakaoTalk_20200524_152948062.jpg"}]},"url":{"raw":"http://localhost:8080/board/update","protocol":"http","host":["localhost"],"port":"8080","path":["board","update"]}},"response":[]},{"name":"board/delete","id":"33ebc92e-d953-4424-9c2a-b38a655299fc","protocolProfileBehavior":{"disableBodyPruning":true},"request":{"method":"POST","header":[],"body":{"mode":"formdata","formdata":[{"key":"board_id","value":"1","type":"text"}]},"url":{"raw":"http://localhost:8080/board/delete","protocol":"http","host":["localhost"],"port":"8080","path":["board","delete"]}},"response":[]}],"id":"018acf97-cdc5-4660-b016-227c4abbfe0d"},{"name":"comment","item":[{"name":"comment/insert","id":"798cc55e-4506-4df1-86f0-d88be97b4250","protocolProfileBehavior":{"disableBodyPruning":true},"request":{"method":"POST","header":[],"body":{"mode":"formdata","formdata":[{"key":"board_id","value":"6","type":"text"},{"key":"writer_id","type":"text","value":"1"},{"key":"group_id","value":"4","type":"text","disabled":true},{"key":"content","value":"댓글","type":"text"}]},"url":{"raw":"http://localhost:8080/comment/insert","protocol":"http","host":["localhost"],"port":"8080","path":["comment","insert"]}},"response":[]},{"name":"comment/update","id":"f3d40602-0fc1-4c32-ba33-7e6245751f3e","protocolProfileBehavior":{"disableBodyPruning":true},"request":{"method":"POST","header":[],"body":{"mode":"formdata","formdata":[{"key":"comment_id","value":"11","type":"text"},{"key":"content","value":"댓글 수정","type":"text"}]},"url":{"raw":"http://localhost:8080/comment/update","protocol":"http","host":["localhost"],"port":"8080","path":["comment","update"]}},"response":[]},{"name":"comment/delete","id":"eb402369-3b55-4a0e-a020-c16bf19d76f9","protocolProfileBehavior":{"disableBodyPruning":true},"request":{"method":"POST","header":[],"body":{"mode":"formdata","formdata":[{"key":"comment_id","value":"11","type":"text"}]},"url":{"raw":"http://localhost:8080/comment/delete","protocol":"http","host":["localhost"],"port":"8080","path":["comment","delete"]}},"response":[]}],"id":"334b81f4-f8d1-4a6a-b1c8-05cfd1928a3c"},{"name":"get","item":[{"name":"get/member","id":"681139ba-3e23-40ba-a039-e02972664ae5","protocolProfileBehavior":{"disableBodyPruning":true},"request":{"method":"GET","header":[],"body":{"mode":"formdata","formdata":[{"key":"id","value":"1","type":"text"}]},"url":{"raw":"http://localhost:8085/findByFirstName","protocol":"http","host":["localhost"],"port":"8085","path":["findByFirstName"]}},"response":[]},{"name":"get/ForetRank","id":"9b9c4720-b4b7-4183-86cc-02434659eafd","protocolProfileBehavior":{"disableBodyPruning":true},"request":{"method":"POST","header":[],"body":{"mode":"formdata","formdata":[]},"url":{"raw":"http://localhost:8085/get/foretRank","protocol":"http","host":["localhost"],"port":"8085","path":["get","foretRank"]}},"response":[]},{"name":"get/tagList","id":"099f8410-2e9d-4742-b153-4b5317a53786","protocolProfileBehavior":{"disableBodyPruning":true},"request":{"method":"POST","header":[],"body":{"mode":"formdata","formdata":[]},"url":{"raw":"http://54.180.219.200:8085/get/tagList","protocol":"http","host":["54","180","219","200"],"port":"8085","path":["get","tagList"]}},"response":[]},{"name":"get/tagRank","id":"5b7561f4-6a7d-4553-9896-c8c28e136fc1","protocolProfileBehavior":{"disableBodyPruning":true},"request":{"method":"POST","header":[],"body":{"mode":"formdata","formdata":[]},"url":{"raw":"http://54.180.219.200:8085/get/tagRank","protocol":"http","host":["54","180","219","200"],"port":"8085","path":["get","tagRank"]}},"response":[]}],"id":"2577c7e3-42cf-4b8e-ad2e-4d0b380ff81f","event":[{"listen":"prerequest","script":{"id":"c70e6bf3-d9d7-4f36-a8c8-38e9955d356c","type":"text/javascript","exec":[""]}},{"listen":"test","script":{"id":"cbff622d-fd30-45c6-8ef3-2404afbef77a","type":"text/javascript","exec":[""]}}]},{"name":"JPA","item":[{"name":"member","item":[{"name":"insert","id":"4c3acd43-1bad-42df-b941-28e5f81b50b9","protocolProfileBehavior":{"disableBodyPruning":true},"request":{"method":"GET","header":[],"url":{"raw":"http://localhost:8085/member/insert","protocol":"http","host":["localhost"],"port":"8085","path":["member","insert"]}},"response":[]}],"id":"2156ed52-d44f-413a-940d-b8c673d2c4af"}],"id":"5aca4a8d-851f-42f9-a70e-1e6a1a4d6938"}]}