{"info":{"_postman_id":"b4a8ace5-3776-458f-adfc-0200d634f4f3","name":"Foret.gradle","schema":"https://schema.getpostman.com/json/collection/v2.1.0/collection.json"},"item":[{"name":"member","item":[{"name":"member","id":"4ee660dc-8b2f-44a7-b131-195250dc894f","protocolProfileBehavior":{"disableBodyPruning":true},"request":{"method":"POST","header":[],"body":{"mode":"formdata","formdata":[{"key":"name","type":"text","value":"name"},{"key":"email","type":"text","value":"2"},{"key":"password","type":"text","value":"qwe123"},{"key":"nickname","type":"text","value":"qwe"},{"key":"birth","type":"text","value":"1993-10-24"},{"key":"device_token","type":"text","value":"qwe"},{"key":"tags[0].tagName","value":"spring","type":"text"},{"key":"tags[1].tagName","type":"text","value":"AWS"},{"key":"regions[0].regionSi","type":"text","value":"서울"},{"key":"regions[0].regionGu","type":"text","value":"강남구"},{"key":"file","type":"file","src":"/C:/Users/moseoh/OneDrive/Desktop/둘리.jpg"},{"key":"file","type":"file","src":"/C:/Users/moseoh/OneDrive/Desktop/KakaoTalk_20200524_152948062.jpg"}]},"url":{"raw":"http://localhost:8085/member","protocol":"http","host":["localhost"],"port":"8085","path":["member"]}},"response":[]},{"name":"member","id":"c5295778-895b-44ec-a72b-d8947baa7ae6","protocolProfileBehavior":{"disableBodyPruning":true},"request":{"method":"GET","header":[],"body":{"mode":"raw","raw":""},"url":{"raw":"http://localhost:8085/member?id=37","protocol":"http","host":["localhost"],"port":"8085","path":["member"],"query":[{"key":"id","value":"37"}]}},"response":[]},{"name":"member","id":"22ebda8b-e84b-496f-b147-c3d7acb64bcb","protocolProfileBehavior":{"disableBodyPruning":true},"request":{"method":"DELETE","header":[],"body":{"mode":"formdata","formdata":[{"key":"id","value":"13","type":"text","disabled":true}]},"url":{"raw":"http://localhost:8085/member?id=13","protocol":"http","host":["localhost"],"port":"8085","path":["member"],"query":[{"key":"id","value":"13"}]}},"response":[]},{"name":"memberALL","id":"67030147-25fa-460a-a801-a1f58a18ac81","protocolProfileBehavior":{"disableBodyPruning":true},"request":{"method":"GET","header":[],"body":{"mode":"formdata","formdata":[]},"url":{"raw":"http://localhost:8085/member/all","protocol":"http","host":["localhost"],"port":"8085","path":["member","all"]}},"response":[]}],"id":"c20aec4c-8485-4f7a-a885-1282de56b926"},{"name":"foret","item":[{"name":"foret","id":"8e19cab6-18ee-4107-ba7c-6a639bf18fa4","protocolProfileBehavior":{"disableBodyPruning":true},"request":{"method":"POST","header":[],"body":{"mode":"formdata","formdata":[{"key":"leader_id","value":"4","type":"text"},{"key":"name","type":"text","value":"포레"},{"key":"introduce","type":"text","value":"소개글 입니다."},{"key":"max_member","type":"text","value":"10"},{"key":"tags[0].tagName","value":"spring","type":"text"},{"key":"tags[1].tagName","type":"text","value":"AWS"},{"key":"regions[0].regionSi","type":"text","value":"서울"},{"key":"regions[0].regionGu","type":"text","value":"강남구"},{"key":"file","type":"file","src":"/C:/Users/moseoh/OneDrive/Desktop/둘리.jpg"},{"key":"file","type":"file","src":"/C:/Users/moseoh/OneDrive/Desktop/KakaoTalk_20200524_152948062.jpg"}]},"url":{"raw":"http://localhost:8085/foret","protocol":"http","host":["localhost"],"port":"8085","path":["foret"]}},"response":[]},{"name":"foret","id":"a6fb8b8c-6405-4873-a661-d5b367a3fa2a","protocolProfileBehavior":{"disableBodyPruning":true},"request":{"method":"GET","header":[],"body":{"mode":"raw","raw":""},"url":{"raw":"http://localhost:8085/foret?id=6","protocol":"http","host":["localhost"],"port":"8085","path":["foret"],"query":[{"key":"id","value":"6"}]}},"response":[]},{"name":"foret","id":"939342ff-c314-41a2-885d-be075851446f","protocolProfileBehavior":{"disableBodyPruning":true},"request":{"method":"DELETE","header":[],"body":{"mode":"formdata","formdata":[{"key":"id","value":"13","type":"text","disabled":true}]},"url":{"raw":"http://localhost:8085/foret?id=6","protocol":"http","host":["localhost"],"port":"8085","path":["foret"],"query":[{"key":"id","value":"6"}]}},"response":[]},{"name":"foretALL","id":"b4ee5f03-c963-4dfa-94c5-a2c84d27b34f","protocolProfileBehavior":{"disableBodyPruning":true},"request":{"method":"GET","header":[],"body":{"mode":"formdata","formdata":[]},"url":{"raw":"http://localhost:8085/foret/all","protocol":"http","host":["localhost"],"port":"8085","path":["foret","all"]}},"response":[]}],"id":"dff44bf5-b87d-417e-a558-a46e105b60f6"}]}