{"info":{"_postman_id":"e884b6f2-c8d9-4ac6-8469-e10e678d4397","name":"crm","schema":"https://schema.getpostman.com/json/collection/v2.1.0/collection.json"},"item":[{"name":"downloadBillingPdf","id":"9ab240bf-976b-4d2d-a478-f55bf423017a","protocolProfileBehavior":{"disableBodyPruning":true},"request":{"method":"GET","header":[{"key":"session_id","value":"csweb8632-6405f469-e9d0-4aac-8db9-a21e2d038494","type":"text"}],"url":{"raw":"https://csweb.kncsoft.co.kr/service.jsp?page=1&srv=Item.getItemListCountOnPage&ln=10&s_folder_id=166485&s_folder_recursive=Y&_=1653030669443","protocol":"https","host":["csweb","kncsoft","co","kr"],"path":["service.jsp"],"query":[{"key":"page","value":"1"},{"key":"srv","value":"Item.getItemListCountOnPage"},{"key":"ln","value":"10"},{"key":"s_folder_id","value":"166485"},{"key":"s_folder_recursive","value":"Y"},{"key":"_","value":"1653030669443"}]}},"response":[]}]}